value,blockHash,blockNumber,confirmations,contractAddress,cumulativeGasUsed,from,gas,gasPrice,gasUsed,hash,input,logIndex,nonce,timeStamp,to,tokenDecimal,tokenName,tokenSymbol,transactionIndex
1476620802426931073,0xbee364545d1db947925f304303e7515cd319d095cebd9f64f2a261292ca05138,17450321,223956,0x6acb34b1df86e254b544189ec32cf737e2482058,163591,0x976c102c3d2108dbeb6620323eb086b62fbc1a03,222942,1010000000,163591,0xb657ab786eae0055e2c85bbde6bd05664a9d942bea21c3b6f9cfee0397ce775e,0x4000aea0000000000000000000000000a3c59198c10cb1ba9a3ab924a23253072b393f25000000000000000000000000000000000000000000000000147e02cbdc9c078100000000000000000000000000000000000000000000000000000000000000600000000000000000000000000000000000000000000000000000000000000000,0,29,1654688165,0xa3c59198c10cb1ba9a3ab924a23253072b393f25,18,BNB on Fuse,BNB,0
1376620802426931073,0x541cc2dc70be0514e0ca55686bf83b26686a7862836e795e160e85e98ea95c5c,17450308,223969,0x6acb34b1df86e254b544189ec32cf737e2482058,242854,0x0df48369504825c16d3fc6a74842aef3c91e90e6,279029,10000000000,242854,0xf29fe7c577a0f8856f2a05c8505492cdcae44bacb006f8674ae52a68d96503dc,0x38ed17390000000000000000000000000000000000000000000000161633fd781222612b0000000000000000000000000000000000000000000000001302685314ba0f1b00000000000000000000000000000000000000000000000000000000000000a0000000000000000000000000976c102c3d2108dbeb6620323eb086b62fbc1a030000000000000000000000000000000000000000000000000000000062a08e0100000000000000000000000000000000000000000000000000000000000000040000000000000000000000006a5f6a8121592becd6747a38d67451b310f7f1560000000000000000000000000be9e53fd7edac9f859882afdda116645287c629000000000000000000000000249be57637d8b013ad64785404b24aebae9b098b0000000000000000000000006acb34b1df86e254b544189ec32cf737e2482058,8,27,1654688100,0x976c102c3d2108dbeb6620323eb086b62fbc1a03,18,BNB on Fuse,BNB,0
407428270606398939435,0x541cc2dc70be0514e0ca55686bf83b26686a7862836e795e160e85e98ea95c5c,17450308,223969,0x6a5f6a8121592becd6747a38d67451b310f7f156,242854,0x976c102c3d2108dbeb6620323eb086b62fbc1a03,279029,10000000000,242854,0xf29fe7c577a0f8856f2a05c8505492cdcae44bacb006f8674ae52a68d96503dc,0x38ed17390000000000000000000000000000000000000000000000161633fd781222612b0000000000000000000000000000000000000000000000001302685314ba0f1b00000000000000000000000000000000000000000000000000000000000000a0000000000000000000000000976c102c3d2108dbeb6620323eb086b62fbc1a030000000000000000000000000000000000000000000000000000000062a08e0100000000000000000000000000000000000000000000000000000000000000040000000000000000000000006a5f6a8121592becd6747a38d67451b310f7f1560000000000000000000000000be9e53fd7edac9f859882afdda116645287c629000000000000000000000000249be57637d8b013ad64785404b24aebae9b098b0000000000000000000000006acb34b1df86e254b544189ec32cf737e2482058,0,27,1654688100,0x91520fc2942fd52949514f159aa4927b8850178d,18,Binance USD on Fuse,BUSD,0
100000000000000000,0x900746242ca37128b5deaff54cfb3ec524d6a1182f587cff39c31f13658b98b2,17450287,223990,0x6acb34b1df86e254b544189ec32cf737e2482058,259995,0x0df48369504825c16d3fc6a74842aef3c91e90e6,298182,10000000000,259995,0xf3305f45a99b88f89d35a2f53ac1d41a7ec5eb53bbf448bc80f4ef080bedd57b,0x8803dbee000000000000000000000000000000000000000000000000016345785d8a00000000000000000000000000000000000000000000000000019911d754110868b200000000000000000000000000000000000000000000000000000000000000a0000000000000000000000000976c102c3d2108dbeb6620323eb086b62fbc1a030000000000000000000000000000000000000000000000000000000062a08d9700000000000000000000000000000000000000000000000000000000000000040000000000000000000000006a5f6a8121592becd6747a38d67451b310f7f1560000000000000000000000000be9e53fd7edac9f859882afdda116645287c629000000000000000000000000249be57637d8b013ad64785404b24aebae9b098b0000000000000000000000006acb34b1df86e254b544189ec32cf737e2482058,8,26,1654687995,0x976c102c3d2108dbeb6620323eb086b62fbc1a03,18,BNB on Fuse,BNB,0
29329928151422483027,0x900746242ca37128b5deaff54cfb3ec524d6a1182f587cff39c31f13658b98b2,17450287,223990,0x6a5f6a8121592becd6747a38d67451b310f7f156,259995,0x976c102c3d2108dbeb6620323eb086b62fbc1a03,298182,10000000000,259995,0xf3305f45a99b88f89d35a2f53ac1d41a7ec5eb53bbf448bc80f4ef080bedd57b,0x8803dbee000000000000000000000000000000000000000000000000016345785d8a00000000000000000000000000000000000000000000000000019911d754110868b200000000000000000000000000000000000000000000000000000000000000a0000000000000000000000000976c102c3d2108dbeb6620323eb086b62fbc1a030000000000000000000000000000000000000000000000000000000062a08d9700000000000000000000000000000000000000000000000000000000000000040000000000000000000000006a5f6a8121592becd6747a38d67451b310f7f1560000000000000000000000000be9e53fd7edac9f859882afdda116645287c629000000000000000000000000249be57637d8b013ad64785404b24aebae9b098b0000000000000000000000006acb34b1df86e254b544189ec32cf737e2482058,0,26,1654687995,0x91520fc2942fd52949514f159aa4927b8850178d,18,Binance USD on Fuse,BUSD,0
436758198757821438381,0xe5fd7ab1a0b19bb60c40acbc5bd8c5b3c4fa91f9e0c3e1d8b6a8704ed66423e8,17450261,224016,0x6a5f6a8121592becd6747a38d67451b310f7f156,160064,0x2a68d7c6ea986fa06b2665d08b4d08f5e7af960c,179994,1010000000,160064,0xeae0b4a3f4cdac72c3807ebec9682f5225b9a26566513e31c7df54706de34900,0x9169558600000000000000000000000000000000000000000000000000000000000000020000000000000000000000000000000000000000000000000000000000000000000000000000000000000000000000000000000000000000000000001a3ddf72000000000000000000000000000000000000000000000017ad3cd3b9e366d9ad0000000000000000000000000000000000000000000000000000000062a08d19,2,24,1654687865,0x976c102c3d2108dbeb6620323eb086b62fbc1a03,18,Binance USD on Fuse,BUSD,0
440262514,0xe5fd7ab1a0b19bb60c40acbc5bd8c5b3c4fa91f9e0c3e1d8b6a8704ed66423e8,17450261,224016,0xfadbbf8ce7d5b7041be672561bba99f79c532e10,160064,0x976c102c3d2108dbeb6620323eb086b62fbc1a03,179994,1010000000,160064,0xeae0b4a3f4cdac72c3807ebec9682f5225b9a26566513e31c7df54706de34900,0x9169558600000000000000000000000000000000000000000000000000000000000000020000000000000000000000000000000000000000000000000000000000000000000000000000000000000000000000000000000000000000000000001a3ddf72000000000000000000000000000000000000000000000017ad3cd3b9e366d9ad0000000000000000000000000000000000000000000000000000000062a08d19,0,24,1654687865,0x2a68d7c6ea986fa06b2665d08b4d08f5e7af960c,6,Tether USD on Fuse,USDT,0
4736285183724245204505,0x7d34328da6062a5f50bf7cfa86d18d86c1bb8904b9871bfda93a2134fd83c9f6,17450245,224032,0x2c43dbef81aba6b95799fd2aec738cd721ba77f3,638526,0x0000000000000000000000000000000000000000,1017489,1010000000,638526,0xb0b00e6a0019b94f6c79544a89c0c3697072343ad3be55a1ac69f908ff0e1666,0x42220f34,4,23,1654687785,0x976c102c3d2108dbeb6620323eb086b62fbc1a03,18,Moo Fuse,mooFuse,0
626237486,0x36f0c5e1ce3332521404db0dfcf29aa6406727987f058a800fa93b807b08b584,17450207,224070,0xfadbbf8ce7d5b7041be672561bba99f79c532e10,127803,0x976c102c3d2108dbeb6620323eb086b62fbc1a03,167623,10000000000,127803,0x0020f2f4c360b0ebdcc419d1f4e60309a7040110159e73d80f4e666f54bcae79,0x4a25d94a00000000000000000000000000000000000000000000011478b7c30abc300000000000000000000000000000000000000000000000000000000000002583676100000000000000000000000000000000000000000000000000000000000000a0000000000000000000000000976c102c3d2108dbeb6620323eb086b62fbc1a030000000000000000000000000000000000000000000000000000000062a08c070000000000000000000000000000000000000000000000000000000000000002000000000000000000000000fadbbf8ce7d5b7041be672561bba99f79c532e100000000000000000000000000be9e53fd7edac9f859882afdda116645287c629,0,21,1654687595,0xca4df49cb6cfcab122b09f2c203820032005385e,6,Tether USD on Fuse,USDT,0
1066500000,0xb655f59fc7a4baf08d51fc6222484112bedb419f57234d9679909387f0cf409a,17449587,224690,0xfadbbf8ce7d5b7041be672561bba99f79c532e10,603663,0x6a357a665f5cd28124e830a71856a72ca9434934,90859,1010000000,60096,0xf20056866ae42f350fa75795fba1a4eace1642954980c3589cc519a1d937e841,0xa9059cbb000000000000000000000000976c102c3d2108dbeb6620323eb086b62fbc1a03000000000000000000000000000000000000000000000000000000003f917fa0,0,8,1654684495,0x976c102c3d2108dbeb6620323eb086b62fbc1a03,6,Tether USD on Fuse,USDT,7
139873475248866883207,0x88a2ff6856330f0e20484852a43d2e68ea72aee328e987274eb20f0aab5e41fd,16471504,1202773,0x2c43dbef81aba6b95799fd2aec738cd721ba77f3,1991982,0x976c102c3d2108dbeb6620323eb086b62fbc1a03,398414,1000000000,341374,0x7fb1f7cfea754f5ca79ad723fcf88a6a617996ca268b22d7568e36700b2975c6,0x5af3adf9,7,17,1649767085,0x0000000000000000000000000000000000000000,18,Moo Fuse,mooFuse,18
138585009222533835843,0x0a788db2d3114251b8cd9c29f9e541c8749416a529036826be82de7852defa08,16422025,1252252,0x2c43dbef81aba6b95799fd2aec738cd721ba77f3,425496,0x976c102c3d2108dbeb6620323eb086b62fbc1a03,398459,1000000000,356410,0xcaac4b8b520122130d56260c9939d438aed54e12bf50a41cef915c0c24f43e3e,0x127f4b2e0000000000000000000000000000000000000000000000078340dba20f5cec43,0,15,1649517420,0x0000000000000000000000000000000000000000,18,Moo Fuse,mooFuse,1
278458484471400719050,0x09b3a0e5120ffb4a3e318ab25616fdf0ab554df74d3d289cf5e72bdf9c4fdf68,16380559,1293718,0x2c43dbef81aba6b95799fd2aec738cd721ba77f3,1282770,0x0000000000000000000000000000000000000000,678326,1000000000,638526,0x9ef282b18e05e53742c9cdd26c3671d09eae351ddddfc5e3c9b61963ea0bceec,0x42220f34,6,14,1649309860,0x976c102c3d2108dbeb6620323eb086b62fbc1a03,18,Moo Fuse,mooFuse,7
463487485837882359808,0x461518e7bc97d22d25c78d98086b249c9c46e036a16d63a44bb9fa7c35512e43,16226687,1447590,0x34ef2cc892a88415e9f02b91bfa9c91fc0be6bd4,857504,0x976c102c3d2108dbeb6620323eb086b62fbc1a03,58794,1000000000,24196,0xb384b8725d769930edabd2d65e74a3c349e9253f5943ed8aef6d90aa6b766097,0xa9059cbb000000000000000000000000495323c5dcf9346eb47be84c3e1d8d0e9c3b9e35000000000000000000000000000000000000000000000019202e54b525df0000,1,12,1648535305,0x495323c5dcf9346eb47be84c3e1d8d0e9c3b9e35,18,VoltToken,VOLT,11
463487485837882359808,0x0c42eb912db49f4f18ded8b1d80e129281128c3b61174174e7029afa573a4669,16181239,1493038,0x34ef2cc892a88415e9f02b91bfa9c91fc0be6bd4,1437025,0x3fff27bc5cc97dcf37180a3c47578966881fe196,87008,1000000000,79099,0x19f9783a020000f75fbf16bb4496402110dae05c602d4fa2f53b736fba36e1b3,0x2e7ba6ef0000000000000000000000000000000000000000000000000000000000005da0000000000000000000000000976c102c3d2108dbeb6620323eb086b62fbc1a03000000000000000000000000000000000000000000000019202e54b525df00000000000000000000000000000000000000000000000000000000000000000080000000000000000000000000000000000000000000000000000000000000000eea3aa638fd0497168d219d581f638c74b3d17358a21737698497c9439076f082381663038b89f5358991922efb35bd11005839baff2d1eacd7b51aab83c46db90eb2db46e1686178a4e8b0682f5b7d2cc7b1f0f580368fc5b12783172c3d8613a1151a0b5a16b79a6f7ce1330096f9d4059c7a479fd2f13114744a10e7dad22a17cafbbf0eabc600b4a8fff09f0a482e081fd1b7e11ae02fd101eb3b2b05f66b9bd06fed3f78a7c1a53e057777cdb9c4fabc3e8b3aaa5c96ee49092415d04d840e3d3bfb23c0563dff5cdfdac6bb72bec2f2a92a15f6f1838e0ad1c3a8012b717d1755e9bf48489d0afe13fae63d96c04021c759ef4d3b5c1cf5652e78311efcda4d077e2fd921eab1c102cbd58ce82a82938e14a34fe2738a5c43f4281ed462a44f95acd4201c0240cf003e0ce8d75b3428401efff3650b0bfe1224e1a30755ea6235e61181bd8b40b58a0d2c60cbcab2cc4ad385eae0e52ff353c807416b7e4e0d6d67602e8d8c566f737e5a6945475ffc74d973c66721a163bda026870aaa7bfdd135ef563c9bf821387d9946253edebbe8d25350d36dc18148ddd332cffc8ed0a78ebf3f5b9b13685529cae57459bba7e5d716460af5cd7e9b08d2c13a66,8,11,1648306925,0x976c102c3d2108dbeb6620323eb086b62fbc1a03,18,VoltToken,VOLT,18
